{
    "intersection" : 1,
    "normal" : [ -0.548392, -0.13, 0.826054 ]
}