{
	"image" : {
		"ref" : "",
		"dim" : [ 3, 3 ],
		"mipmaps" : 1,
		"comps" : 1234,
		"data" : [
			0.0, 0.0, 0.0, 0.0,
			0.0, 0.0, 0.0, 0.0,
			0.0, 0.0, 0.0, 0.0,
			0.0, 0.0, 0.0, 0.0,
			0.0, 0.0, 0.0, 0.0,
			0.666667, 0.333333, 0.333333, 0.0,
			0.0, 0.0, 0.0, 0.0,
			0.0, 0.0, 0.0, 0.0,
			0.0, 0.0, 0.0, 0.0
		]
	},
	"outColor" : [ 0.666667, 0.333333, 0.333333, 0.0 ]
}
