{
  "" : {
    "blockColor" : [ -0.18, 0.01, 2.39, -0.74 ]
  },
  "diffuseColor" : [ -0.661262, -0.471262, 1.90874, 1 ]
}
