{
    "outColor" : [ 0.575082, 0.255896, 0.277067 ],
    "ray" : {
      "flags" : 1,
      "cullMask" : 255,
      "origin" : [ 2.0, 1.0, 3.0 ],
      "direction" : [ -0.896164, -0.0796043, -0.548903 ],
      "tMin" : 1.0,
      "tMax" : 1000.0
    }
}