{
    "payload": [ 0.772834, 0.437701, 0.241238 ],
    "ray": {
        "flags": 16,
        "cullMask": 255,
        "origin": [ 0.0, 0.0, 25.0 ],
        "direction": [ -0.057, 0.094, -1.0 ],
        "tMin": 0.0,
        "tMax": 1000.0
    }
}