{
	"SourceTextureRGB" : {
		"ref" : "",
		"dim" : [ 14, 10 ],
		"mipmaps" : 1,
		"comps" : 1234,
		"data" : [
			1.0, 0.0, 0.0, 1.0,
			0.0, 1.0, 1.0, 1.0,
			1.0, 0.431373, 0.0, 1.0,
			0.0, 0.568627, 1.0, 1.0,
			1.0, 0.858824, 0.0, 1.0,
			0.0, 0.141176, 1.0, 1.0,
			0.709804, 1.0, 0.0, 1.0,
			0.290196, 0.0, 1.0, 1.0,
			0.290196, 1.0, 0.0, 1.0,
			0.709804, 0.0, 1.0, 1.0,
			0.0, 1.0, 0.141176, 1.0,
			1.0, 0.0, 0.858824, 1.0,
			0.0, 1.0, 0.568627, 1.0,
			1.0, 0.0, 0.431373, 1.0,
			0.898039, 0.0, 0.0, 1.0,
			0.101961, 1.0, 1.0, 1.0,
			0.898039, 0.388235, 0.0, 1.0,
			0.101961, 0.611765, 1.0, 1.0,
			0.898039, 0.768627, 0.0, 1.0,
			0.101961, 0.231373, 1.0, 1.0,
			0.639216, 0.898039, 0.0, 1.0,
			0.360784, 0.101961, 1.0, 1.0,
			0.258824, 0.898039, 0.0, 1.0,
			0.741176, 0.101961, 1.0, 1.0,
			0.0, 0.898039, 0.129412, 1.0,
			1.0, 0.101961, 0.870588, 1.0,
			0.0, 0.898039, 0.509804, 1.0,
			1.0, 0.101961, 0.490196, 1.0,
			0.8, 0.0, 0.0, 1.0,
			0.2, 1.0, 1.0, 1.0,
			0.8, 0.341176, 0.0, 1.0,
			0.2, 0.658824, 1.0, 1.0,
			0.8, 0.690196, 0.0, 1.0,
			0.2, 0.309804, 1.0, 1.0,
			0.568627, 0.8, 0.0, 1.0,
			0.431373, 0.2, 1.0, 1.0,
			0.231373, 0.8, 0.0, 1.0,
			0.768627, 0.2, 1.0, 1.0,
			0.0, 0.8, 0.109804, 1.0,
			1.0, 0.2, 0.890196, 1.0,
			0.0, 0.8, 0.458824, 1.0,
			1.0, 0.2, 0.541176, 1.0,
			0.701961, 0.0, 0.0, 1.0,
			0.301961, 1.0, 1.0, 1.0,
			0.701961, 0.301961, 0.0, 1.0,
			0.301961, 0.701961, 1.0, 1.0,
			0.701961, 0.6, 0.0, 1.0,
			0.301961, 0.4, 1.0, 1.0,
			0.498039, 0.701961, 0.0, 1.0,
			0.498039, 0.301961, 1.0, 1.0,
			0.2, 0.701961, 0.0, 1.0,
			0.8, 0.301961, 1.0, 1.0,
			0.0, 0.701961, 0.101961, 1.0,
			1.0, 0.301961, 0.898039, 1.0,
			0.0, 0.701961, 0.4, 1.0,
			1.0, 0.301961, 0.6, 1.0,
			0.6, 0.0, 0.0, 1.0,
			0.4, 1.0, 1.0, 1.0,
			0.6, 0.258824, 0.0, 1.0,
			0.4, 0.741176, 1.0, 1.0,
			0.6, 0.509804, 0.0, 1.0,
			0.4, 0.490196, 1.0, 1.0,
			0.431373, 0.6, 0.0, 1.0,
			0.568627, 0.4, 1.0, 1.0,
			0.168627, 0.6, 0.0, 1.0,
			0.831373, 0.4, 1.0, 1.0,
			0.0, 0.6, 0.0901961, 1.0,
			1.0, 0.4, 0.909804, 1.0,
			0.0, 0.6, 0.341176, 1.0,
			1.0, 0.4, 0.658824, 1.0,
			0.498039, 0.0, 0.0, 1.0,
			0.498039, 1.0, 1.0, 1.0,
			0.498039, 0.211765, 0.0, 1.0,
			0.498039, 0.788235, 1.0, 1.0,
			0.498039, 0.431373, 0.0, 1.0,
			0.498039, 0.568627, 1.0, 1.0,
			0.360784, 0.498039, 0.0, 1.0,
			0.639216, 0.498039, 1.0, 1.0,
			0.141176, 0.498039, 0.0, 1.0,
			0.858824, 0.498039, 1.0, 1.0,
			0.0, 0.498039, 0.0705882, 1.0,
			1.0, 0.498039, 0.929412, 1.0,
			0.0, 0.498039, 0.290196, 1.0,
			1.0, 0.498039, 0.709804, 1.0,
			0.4, 0.0, 0.0, 1.0,
			0.6, 1.0, 1.0, 1.0,
			0.4, 0.168627, 0.0, 1.0,
			0.6, 0.831373, 1.0, 1.0,
			0.4, 0.341176, 0.0, 1.0,
			0.6, 0.658824, 1.0, 1.0,
			0.290196, 0.4, 0.0, 1.0,
			0.709804, 0.6, 1.0, 1.0,
			0.109804, 0.4, 0.0, 1.0,
			0.890196, 0.6, 1.0, 1.0,
			0.0, 0.4, 0.0588235, 1.0,
			1.0, 0.6, 0.941176, 1.0,
			0.0, 0.4, 0.231373, 1.0,
			1.0, 0.6, 0.768627, 1.0,
			0.301961, 0.0, 0.0, 1.0,
			0.701961, 1.0, 1.0, 1.0,
			0.301961, 0.129412, 0.0, 1.0,
			0.701961, 0.870588, 1.0, 1.0,
			0.301961, 0.258824, 0.0, 1.0,
			0.701961, 0.741176, 1.0, 1.0,
			0.211765, 0.301961, 0.0, 1.0,
			0.788235, 0.701961, 1.0, 1.0,
			0.0901961, 0.301961, 0.0, 1.0,
			0.909804, 0.701961, 1.0, 1.0,
			0.0, 0.301961, 0.0392157, 1.0,
			1.0, 0.701961, 0.960784, 1.0,
			0.0, 0.301961, 0.168627, 1.0,
			1.0, 0.701961, 0.831373, 1.0,
			0.2, 0.0, 0.0, 1.0,
			0.8, 1.0, 1.0, 1.0,
			0.2, 0.0901961, 0.0, 1.0,
			0.8, 0.909804, 1.0, 1.0,
			0.2, 0.168627, 0.0, 1.0,
			0.8, 0.831373, 1.0, 1.0,
			0.141176, 0.2, 0.0, 1.0,
			0.858824, 0.8, 1.0, 1.0,
			0.0588235, 0.2, 0.0, 1.0,
			0.941176, 0.8, 1.0, 1.0,
			0.0, 0.2, 0.0313726, 1.0,
			1.0, 0.8, 0.968627, 1.0,
			0.0, 0.2, 0.109804, 1.0,
			1.0, 0.8, 0.890196, 1.0,
			0.101961, 0.0, 0.0, 1.0,
			0.898039, 1.0, 1.0, 1.0,
			0.101961, 0.0392157, 0.0, 1.0,
			0.898039, 0.960784, 1.0, 1.0,
			0.101961, 0.0901961, 0.0, 1.0,
			0.898039, 0.909804, 1.0, 1.0,
			0.0705882, 0.101961, 0.0, 1.0,
			0.929412, 0.898039, 1.0, 1.0,
			0.0313726, 0.101961, 0.0, 1.0,
			0.968627, 0.898039, 1.0, 1.0,
			0.0, 0.101961, 0.0117647, 1.0,
			1.0, 0.898039, 0.988235, 1.0,
			0.0, 0.101961, 0.0588235, 1.0,
			1.0, 0.898039, 0.941176, 1.0
		]
	},
	"TargetTextureB" : {
		"ref" : "",
		"dim" : [ 16, 16 ],
		"mipmaps" : 1,
		"comps" : 1200,
		"data" : [
			0.0, 0.0, 0.9, 0.0,
			0.0, 0.0, 0.9, 0.0,
			0.0, 0.0, 0.9, 0.0,
			0.0, 0.0, 0.9, 0.0,
			0.0, 0.0, 0.9, 0.0,
			0.0411765, 0.0, 0.758824, 0.0,
			0.468627, 0.0, 0.331373, 0.0,
			0.0, 0.0, 0.0, 0.0,
			0.0, 0.0, 0.9, 0.0,
			0.0, 0.0, 0.9, 0.0,
			0.0, 0.0, 0.9, 0.0,
			0.0, 0.0, 0.9, 0.0,
			0.0, 0.0, 0.9, 0.0,
			0.0294118, 0.0, 0.770588, 0.0,
			0.409804, 0.0, 0.390196, 0.0,
			0.0, 0.0, 0.0, 0.0,
			0.0, 0.0, 0.9, 0.0,
			0.0, 0.0, 0.9, 0.0,
			0.0, 0.0, 0.9, 0.0,
			0.0, 0.0, 0.9, 0.0,
			0.0, 0.0, 0.9, 0.0,
			0.00980392, 0.0, 0.790196, 0.0,
			0.358824, 0.0, 0.441177, 0.0,
			0.0, 0.0, 0.0, 0.0,
			0.0, 0.0, 0.9, 0.0,
			0.0, 0.0, 0.9, 0.0,
			0.0, 0.0, 0.9, 0.0,
			0.0, 0.0, 0.9, 0.0,
			0.0, 0.0, 0.9, 0.0,
			0.00196078, 0.0, 0.798039, 0.0,
			0.3, 0.0, 0.5, 0.0,
			0.0, 0.0, 0.0, 0.0,
			0.0, 0.0, 0.9, 0.0,
			0.0, 0.0, 0.9, 0.0,
			0.0, 0.0, 0.9, 0.0,
			0.0, 0.0, 0.9, 0.0,
			0.0, 0.0, 0.9, 0.0,
			0.0, 0.0, 0.809804, 0.0,
			0.241176, 0.0, 0.558824, 0.0,
			0.0, 0.0, 0.0, 0.0,
			0.0, 0.0, 0.9, 0.0,
			0.0, 0.0, 0.9, 0.0,
			0.0, 0.0, 0.9, 0.0,
			0.0, 0.0, 0.9, 0.0,
			0.0, 0.0, 0.9, 0.0,
			0.0, 0.0, 0.829412, 0.0,
			0.190196, 0.0, 0.609804, 0.0,
			0.0, 0.0, 0.0, 0.0,
			0.0, 0.0, 0.9, 0.0,
			0.0, 0.0, 0.9, 0.0,
			0.0, 0.0, 0.9, 0.0,
			0.0, 0.0, 0.9, 0.0,
			0.0, 0.0, 0.9, 0.0,
			0.0, 0.0, 0.841176, 0.0,
			0.131373, 0.0, 0.668627, 0.0,
			0.0, 0.0, 0.0, 0.0,
			0.0, 0.0, 0.9, 0.0,
			0.0, 0.0, 0.9, 0.0,
			0.0, 0.0, 0.9, 0.0,
			0.0, 0.0, 0.9, 0.0,
			0.0, 0.0, 0.9, 0.0,
			0.0, 0.0, 0.860784, 0.0,
			0.0686275, 0.0, 0.731373, 0.0,
			0.0, 0.0, 0.0, 0.0,
			0.0, 0.0, 0.9, 0.0,
			0.0, 0.0, 0.9, 0.0,
			0.0, 0.0, 0.9, 0.0,
			0.0, 0.0, 0.9, 0.0,
			0.0, 0.0, 0.9, 0.0,
			0.0, 0.0, 0.868627, 0.0,
			0.00980392, 0.0, 0.790196, 0.0,
			0.0, 0.0, 0.0, 0.0,
			0.0, 0.0, 0.9, 0.0,
			0.0, 0.0, 0.9, 0.0,
			0.0, 0.0, 0.9, 0.0,
			0.0, 0.0, 0.9, 0.0,
			0.0, 0.0, 0.9, 0.0,
			0.0, 0.0, 0.888235, 0.0,
			0.0, 0.0, 0.841176, 0.0,
			0.0, 0.0, 0.0, 0.0,
			0.0, 0.0, 0.0, 0.0,
			0.0, 0.0, 0.0, 0.0,
			0.0, 0.0, 0.0, 0.0,
			0.0, 0.0, 0.0, 0.0,
			0.0, 0.0, 0.0, 0.0,
			0.0, 0.0, 0.0, 0.0,
			0.0, 0.0, 0.0, 0.0,
			0.0, 0.0, 0.0, 0.0,
			0.0, 0.0, 0.0, 0.0,
			0.0, 0.0, 0.0, 0.0,
			0.0, 0.0, 0.0, 0.0,
			0.0, 0.0, 0.0, 0.0,
			0.0, 0.0, 0.0, 0.0,
			0.0, 0.0, 0.0, 0.0,
			0.0, 0.0, 0.0, 0.0,
			0.0, 0.0, 0.0, 0.0,
			0.0, 0.0, 0.0, 0.0,
			0.0, 0.0, 0.0, 0.0,
			0.0, 0.0, 0.0, 0.0,
			0.0, 0.0, 0.0, 0.0,
			0.0, 0.0, 0.0, 0.0,
			0.0, 0.0, 0.0, 0.0,
			0.0, 0.0, 0.0, 0.0,
			0.0, 0.0, 0.0, 0.0,
			0.0, 0.0, 0.0, 0.0,
			0.0, 0.0, 0.0, 0.0,
			0.0, 0.0, 0.0, 0.0,
			0.0, 0.0, 0.0, 0.0,
			0.0, 0.0, 0.0, 0.0,
			0.0, 0.0, 0.0, 0.0,
			0.0, 0.0, 0.0, 0.0,
			0.0, 0.0, 0.0, 0.0,
			0.0, 0.0, 0.0, 0.0,
			0.0, 0.0, 0.0, 0.0,
			0.0, 0.0, 0.0, 0.0,
			0.0, 0.0, 0.0, 0.0,
			0.0, 0.0, 0.0, 0.0,
			0.0, 0.0, 0.0, 0.0,
			0.0, 0.0, 0.0, 0.0,
			0.0, 0.0, 0.0, 0.0,
			0.0, 0.0, 0.0, 0.0,
			0.0, 0.0, 0.0, 0.0,
			0.0, 0.0, 0.0, 0.0,
			0.0, 0.0, 0.0, 0.0,
			0.0, 0.0, 0.0, 0.0,
			0.0, 0.0, 0.0, 0.0,
			0.0, 0.0, 0.0, 0.0,
			0.0, 0.0, 0.0, 0.0
		]
	},
	"TargetTextureG" : {
		"ref" : "",
		"dim" : [ 16, 16 ],
		"mipmaps" : 1,
		"comps" : 1200,